﻿Designator,Quantity,Value,Footprint,Package,MPN,DNP,Mount_Type,Description,PARTREV,STANDARD,SNAPEDA_PN,MAXIMUM_PACKAGE_HEIGHT,MANUFACTURER,Digi-Key_PN,Category,Family,DK_Datasheet_Link,DK_Detail_Page,Description_1,Manufacturer,Status
C1,1,300pF,C_0603_1608Metric_Pad1.08x0.95mm_HandSolder,,,,smt,"Unpolarized capacitor, small symbol",,,,,,,,,,,,,
"C10, C11, C5, C9",4,22uF,C_1210_3225Metric_Pad1.33x2.70mm_HandSolder,,,,smt,"Unpolarized capacitor, small symbol",,,,,,,,,,,,,
"C12, C14, C15, C16, C18, C19, C20, C23, C24, C3, C4, C6",12,0.1uF,C_0603_1608Metric_Pad1.08x0.95mm_HandSolder,,,,smt,"Unpolarized capacitor, small symbol",,,,,,,,,,,,,
"C13, C17",2,1000uF,CAPPRD500W60D1000H1300,,,,tht,"Unpolarized capacitor, small symbol",,,,,,,,,,,,,
C2,1,22nF,C_0603_1608Metric_Pad1.08x0.95mm_HandSolder,,,,smt,"Unpolarized capacitor, small symbol",,,,,,,,,,,,,
C21,1,250uF,CAP_J-V_6P3X8_RUB-M,,,,smt,"Unpolarized capacitor, small symbol",,,,,,,,,,,,,
C22,1,0.05uF,C_1206_3216Metric_Pad1.33x1.80mm_HandSolder,,,,smt,"Unpolarized capacitor, small symbol",,,,,,,,,,,,,
"C7, C8",2,4.7uF,C_1206_3216Metric_Pad1.33x1.80mm_HandSolder,,,,smt,"Unpolarized capacitor, small symbol",,,,,,,,,,,,,
D1,1,SMAJ12CA,SMASeries_LTF-M,,,,smt,,,,,,,,,,,,,,
F1,1,Polyfuse,Fuse_Bourns_MF-RG1000,,,,tht,"Resettable fuse, polymeric positive temperature coefficient",,,,,,,,,,,,,
J1,1,2.1mm Barrel Jack,2_Vendor_BarrelJack,,,,tht,,A,IPC-7351B,54-00129,10.8mm,TENSILITY,,,,,,,,
J2,1,01x04,SolderWire-0.75sqmm_1x04_P7mm_D1.25mm_OD3.5mm,,,,tht,"Generic screw terminal, single row, 01x04, script generated (kicad-library-utils/schlib/autogen/connector/)",,,,,,,,,,,,,
J3,1,01x06,SolderWire-0.75sqmm_1x06_P7mm_D1.25mm_OD3.5mm,,,,tht,"Generic screw terminal, single row, 01x06, script generated (kicad-library-utils/schlib/autogen/connector/)",,,,,,,,,,,,,
J4,1,JTAG,JTAG-header,,3220-10-0100-00,,tht,CONN HEADER VERT 10POS 1.27MM,,,,,,1175-1627-ND,"Connectors, Interconnects","Rectangular Connectors - Headers, Male Pins",http://cnctech.us/pdfs/3220-XX-0100-00.pdf,/product-detail/en/cnc-tech/3220-10-0100-00/1175-1627-ND/3883661,CONN HEADER VERT 10POS 1.27MM,CNC Tech,Active
L1,1,6.8uH,IND_1264EY-6R8M=P3,,,,smt,Inductor,,,,,,,,,,,,,
LS1,1,Speaker,JST_B2B-PH-K-S,,,,tht,Speaker,,,,,,,,,,,,,
R1,1,90.9K,R_0603_1608Metric_Pad0.98x0.95mm_HandSolder,,,,smt,"Resistor, small US symbol",,,,,,,,,,,,,
"R10, R11, R2, R3, R5",5,10K,R_0603_1608Metric_Pad0.98x0.95mm_HandSolder,,,,smt,"Resistor, small US symbol",,,,,,,,,,,,,
"R12, R16, R19, R22, R9",5,47K,R_0603_1608Metric_Pad0.98x0.95mm_HandSolder,,,,smt,"Resistor, small US symbol",,,,,,,,,,,,,
"R13, R14, R15, R17, R18, R7",6,100,R_0603_1608Metric_Pad0.98x0.95mm_HandSolder,,,,smt,"Resistor, small US symbol",,,,,,,,,,,,,
R20,1,10,R_0603_1608Metric_Pad0.98x0.95mm_HandSolder,,,,smt,"Resistor, small US symbol",,,,,,,,,,,,,
R21,1,1K,R_0603_1608Metric_Pad0.98x0.95mm_HandSolder,,,,smt,"Resistor, small US symbol",,,,,,,,,,,,,
R4,1,191K,R_0603_1608Metric_Pad0.98x0.95mm_HandSolder,,,,smt,"Resistor, small US symbol",,,,,,,,,,,,,
R6,1,330,R_0603_1608Metric_Pad0.98x0.95mm_HandSolder,,,,smt,"Resistor, small US symbol",,,,,,,,,,,,,
R8,1,49.9K,R_0603_1608Metric_Pad0.98x0.95mm_HandSolder,,,,smt,"Resistor, small US symbol",,,,,,,,,,,,,
RV1,1,10K LOG,Potentiometer_Piher_T-16L_Single_Vertical_Hole,,,,tht,"Potentiometer, US symbol",,,,,,,,,,,,,
RV2,1,10K LIN,Potentiometer_Piher_T-16L_Single_Vertical_Hole,,,,tht,"Potentiometer, US symbol",,,,,,,,,,,,,
S1,1,JS5208,504-nav-switch,,JS5208,,tht,SWITCH NAVIGATION 20MA 15V,,,,,,EG4561-ND,Switches,"Navigation Switches, Joystick",http://spec_sheets.e-switch.com/specs/P200020.pdf,/product-detail/en/e-switch/JS5208/EG4561-ND/1739634,SWITCH NAVIGATION 20MA 15V,E-Switch,Active
SW1,1,SW_SPST,PowerSwitch,,,,smt,Single Pole Single Throw (SPST) switch,,,,,,,,,,,,,
"TP1, TP2, TP3, TP4, TP5",5,TestPoint,TestPoint_THTPad_D2.0mm_Drill1.0mm,,,,tht,test point,,,,,,,,,,,,,
U1,1,MP2338,MP2338_MNP-M,,,,smt,,,,,,,,,,,,,,
U2,1,AP7361C-33E,SOT-223-3_TabPin2,,,,smt,"1A Low Dropout regulator, positive, 3.3V fixed output, SOT-223",,,,,,,,,,,,,
U3,1,SN74AHCT1G125,SOT95P280X145-5N,,,,smt,,,,,,,,,,,,,,
U4,1,SN74HC14DR,sn74hc14dr,,,,smt,,,,,,,,,,,,,,
U5,1,ESP32-WROOM-32E,ESP32-WROOM-32E,,,,smt,"RF Module, ESP32-D0WD-V3 SoC, without PSRAM, Wi-Fi 802.11b/g/n, Bluetooth, BLE, 32-bit, 2.7-3.6V, onboard antenna, SMD",,,,,,,,,,,,,
U6,1,LM386MX,SOIC-8_W3.9mm,,LM386MX-1/NOPB,,smt,IC AMP AUDIO PWR .325W AB 8SOIC,,,,,,LM386MX-1/NOPBCT-ND,Integrated Circuits (ICs),Linear - Amplifiers - Audio,http://www.ti.com/general/docs/suppproductinfo.tsp?distId=10&gotoUrl=http%3A%2F%2Fwww.ti.com%2Flit%2Fgpn%2Flm386,/product-detail/en/texas-instruments/LM386MX-1-NOPB/LM386MX-1-NOPBCT-ND/3440154,IC AMP AUDIO PWR .325W AB 8SOIC,Texas Instruments,Active
U7,1,SSD1306,SSD1306_OLED_MODULE,,,,tht,,,,,,,,,,,,,,
