﻿pos_x,pos_y,rotation,side,designator,mpn,pack,footprint,value,mount_type
132.6325,-83.3,0.0,top,C1,,,C_0603_1608Metric_Pad1.08x0.95mm_HandSolder,300pF,smt
137.8125,-96.92,0.0,top,C10,,,C_1210_3225Metric_Pad1.33x2.70mm_HandSolder,22uF,smt
229.68,-81.095,0.0,top,C11,,,C_1210_3225Metric_Pad1.33x2.70mm_HandSolder,22uF,smt
229.68,-85.345,0.0,top,C12,,,C_0603_1608Metric_Pad1.08x0.95mm_HandSolder,0.1uF,smt
155.0875,-100.99,0.0,top,C13,,,CAPPRD500W60D1000H1300,1000uF,tht
207.18,-87.985,0.0,top,C14,,,C_0603_1608Metric_Pad1.08x0.95mm_HandSolder,0.1uF,smt
202.6375,-131.64,0.0,top,C15,,,C_0603_1608Metric_Pad1.08x0.95mm_HandSolder,0.1uF,smt
197.4575,-122.13,0.0,top,C16,,,C_0603_1608Metric_Pad1.08x0.95mm_HandSolder,0.1uF,smt
197.4575,-126.38,0.0,top,C17,,,CAPPRD500W60D1000H1300,1000uF,tht
202.6375,-134.15,0.0,top,C18,,,C_0603_1608Metric_Pad1.08x0.95mm_HandSolder,0.1uF,smt
197.4575,-130.63,0.0,top,C19,,,C_0603_1608Metric_Pad1.08x0.95mm_HandSolder,0.1uF,smt
132.6325,-88.32,0.0,top,C2,,,C_0603_1608Metric_Pad1.08x0.95mm_HandSolder,22nF,smt
197.4575,-134.88,0.0,top,C20,,,C_0603_1608Metric_Pad1.08x0.95mm_HandSolder,0.1uF,smt
198.5,-145.5,0.0,top,C21,,,CAP_J-V_6P3X8_RUB-M,250uF,smt
98.9375,-60.5,0.0,top,C22,,,C_1206_3216Metric_Pad1.33x1.80mm_HandSolder,0.05uF,smt
98.9375,-64.75,0.0,top,C23,,,C_0603_1608Metric_Pad1.08x0.95mm_HandSolder,0.1uF,smt
192.1375,-140.0,0.0,top,C24,,,C_0603_1608Metric_Pad1.08x0.95mm_HandSolder,0.1uF,smt
229.68,-76.845,0.0,top,C3,,,C_0603_1608Metric_Pad1.08x0.95mm_HandSolder,0.1uF,smt
132.6325,-85.81,0.0,top,C4,,,C_0603_1608Metric_Pad1.08x0.95mm_HandSolder,0.1uF,smt
51.75,-129.67,-90.0,top,C5,,,C_1210_3225Metric_Pad1.33x2.70mm_HandSolder,22uF,smt
56.75,-129.67,-90.0,top,C6,,,C_0603_1608Metric_Pad1.08x0.95mm_HandSolder,0.1uF,smt
132.6325,-90.83,0.0,top,C7,,,C_1206_3216Metric_Pad1.33x1.80mm_HandSolder,4.7uF,smt
137.8125,-84.17,0.0,top,C8,,,C_1206_3216Metric_Pad1.33x1.80mm_HandSolder,4.7uF,smt
141.75,-112.67,-90.0,top,C9,,,C_1210_3225Metric_Pad1.33x2.70mm_HandSolder,22uF,smt
45.055,-118.14,90.0,top,D1,,,SMASeries_LTF-M,SMAJ12CA,smt
55.5,-120.5,0.0,top,F1,,,Fuse_Bourns_MF-RG1000,Polyfuse,tht
44.0,-94.0,-90.0,top,J1,,,2_Vendor_BarrelJack,2.1mm Barrel Jack,tht
218.46,-129.035,0.0,top,J4,3220-10-0100-00,,JTAG-header,JTAG,tht
118.25,-120.17,0.0,top,L1,,,IND_1264EY-6R8M=P3,6.8uH,smt
154.0,-129.95,0.0,top,LS1,,,JST_B2B-PH-K-S,Speaker,tht
136.0325,-99.92,0.0,top,R1,,,R_0603_1608Metric_Pad0.98x0.95mm_HandSolder,90.9K,smt
202.6375,-136.66,0.0,top,R10,,,R_0603_1608Metric_Pad0.98x0.95mm_HandSolder,10K,smt
214.2275,-106.93,0.0,top,R11,,,R_0603_1608Metric_Pad0.98x0.95mm_HandSolder,10K,smt
202.6375,-139.17,0.0,top,R12,,,R_0603_1608Metric_Pad0.98x0.95mm_HandSolder,47K,smt
206.9875,-131.64,0.0,top,R13,,,R_0603_1608Metric_Pad0.98x0.95mm_HandSolder,100,smt
206.9875,-134.15,0.0,top,R14,,,R_0603_1608Metric_Pad0.98x0.95mm_HandSolder,100,smt
206.9875,-136.66,0.0,top,R15,,,R_0603_1608Metric_Pad0.98x0.95mm_HandSolder,100,smt
206.9875,-139.17,0.0,top,R16,,,R_0603_1608Metric_Pad0.98x0.95mm_HandSolder,47K,smt
211.3375,-131.64,0.0,top,R17,,,R_0603_1608Metric_Pad0.98x0.95mm_HandSolder,100,smt
211.3375,-134.15,0.0,top,R18,,,R_0603_1608Metric_Pad0.98x0.95mm_HandSolder,100,smt
211.3375,-136.66,0.0,top,R19,,,R_0603_1608Metric_Pad0.98x0.95mm_HandSolder,47K,smt
132.6325,-95.85,0.0,top,R2,,,R_0603_1608Metric_Pad0.98x0.95mm_HandSolder,10K,smt
211.3375,-139.17,0.0,top,R20,,,R_0603_1608Metric_Pad0.98x0.95mm_HandSolder,10,smt
98.1075,-68.13,0.0,top,R21,,,R_0603_1608Metric_Pad0.98x0.95mm_HandSolder,1K,smt
98.1075,-70.64,0.0,top,R22,,,R_0603_1608Metric_Pad0.98x0.95mm_HandSolder,47K,smt
132.6325,-98.36,0.0,top,R3,,,R_0603_1608Metric_Pad0.98x0.95mm_HandSolder,10K,smt
45.75,-128.17,180.0,top,R4,,,R_0603_1608Metric_Pad0.98x0.95mm_HandSolder,191K,smt
155.0875,-103.5,0.0,top,R5,,,R_0603_1608Metric_Pad0.98x0.95mm_HandSolder,10K,smt
132.6325,-100.87,0.0,top,R6,,,R_0603_1608Metric_Pad0.98x0.95mm_HandSolder,330,smt
155.0875,-106.01,0.0,top,R7,,,R_0603_1608Metric_Pad0.98x0.95mm_HandSolder,100,smt
45.75,-131.67,180.0,top,R8,,,R_0603_1608Metric_Pad0.98x0.95mm_HandSolder,49.9K,smt
155.0875,-108.52,0.0,top,R9,,,R_0603_1608Metric_Pad0.98x0.95mm_HandSolder,47K,smt
217.8,-53.395,180.0,bottom,RV1,,,Potentiometer_Piher_T-16L_Single_Vertical_Hole,10K LOG,tht
217.8,-70.945,180.0,bottom,RV2,,,Potentiometer_Piher_T-16L_Single_Vertical_Hole,10K LIN,tht
203.7275,-113.03,0.0,top,S1,JS5208,,504-nav-switch,JS5208,tht
73.0,-103.025,0.0,top,SW1,,,PowerSwitch,SW_SPST,smt
63.25,-129.67,0.0,top,U1,,,MP2338_MNP-M,MP2338,smt
106.85,-93.42,0.0,top,U2,,,SOT-223-3_TabPin2,AP7361C-33E,smt
91.995,-122.72,0.0,top,U3,,,SOT95P280X145-5N,SN74AHCT1G125,smt
221.275,-81.36,0.0,top,U4,,,sn74hc14dr,SN74HC14DR,smt
142.5,-52.5,0.0,top,U5,,,ESP32-WROOM-32E,ESP32-WROOM-32E,smt
231.05,-98.905,-90.0,top,U6,LM386MX-1/NOPB,,SOIC-8_W3.9mm,LM386MX,smt
107.0,-143.0,0.0,top,U7,,,SSD1306_OLED_MODULE,SSD1306,tht
